Time,Driver,DriverNumber,LapTime,LapNumber,Stint,PitOutTime,PitInTime,Sector1Time,Sector2Time,Sector3Time,Sector1SessionTime,Sector2SessionTime,Sector3SessionTime,SpeedI1,SpeedI2,SpeedFL,SpeedST,IsPersonalBest,Compound,TyreLife,FreshTyre,Team,LapStartTime,LapStartDate,TrackStatus,Position,Deleted,DeletedReason,FastF1Generated,IsAccurate
0 days 00:57:57.418000,NOR,4,0 days 00:01:48.196000,1.0,1.0,,,,0 days 00:00:42.322000,0 days 00:00:29.525000,,0 days 00:57:28.122000,0 days 00:57:57.555000,295.0,231.0,214.0,299.0,False,INTERMEDIATE,1.0,True,McLaren,0 days 00:56:09.003000,2025-07-06 14:03:49.616,12,3.0,False,,False,False
0 days 01:00:13.663000,NOR,4,0 days 00:02:16.245000,2.0,1.0,,,0 days 00:00:49.795000,0 days 00:00:49.624000,0 days 00:00:36.826000,0 days 00:58:47.237000,0 days 00:59:36.861000,0 days 01:00:13.687000,138.0,226.0,135.0,241.0,True,INTERMEDIATE,2.0,True,McLaren,0 days 00:57:57.418000,2025-07-06 14:05:38.031,26,3.0,False,,False,False
0 days 01:02:31.106000,NOR,4,0 days 00:02:17.443000,3.0,1.0,,,0 days 00:00:50.956000,0 days 00:00:48.037000,0 days 00:00:38.450000,0 days 01:01:04.643000,0 days 01:01:52.680000,0 days 01:02:31.130000,114.0,168.0,113.0,145.0,False,INTERMEDIATE,3.0,True,McLaren,0 days 01:00:13.663000,2025-07-06 14:07:54.276,6,3.0,False,,False,False
0 days 01:04:16.857000,NOR,4,0 days 00:01:45.751000,4.0,1.0,,,0 days 00:00:35.715000,0 days 00:00:41.225000,0 days 00:00:28.811000,0 days 01:03:06.845000,0 days 01:03:48.070000,0 days 01:04:16.881000,295.0,240.0,221.0,303.0,True,INTERMEDIATE,4.0,True,McLaren,0 days 01:02:31.106000,2025-07-06 14:10:11.719,6712,3.0,False,,False,False
0 days 01:06:01.890000,NOR,4,0 days 00:01:45.033000,5.0,1.0,,,0 days 00:00:32.084000,0 days 00:00:42.984000,0 days 00:00:29.965000,0 days 01:04:48.965000,0 days 01:05:31.949000,0 days 01:06:01.914000,297.0,237.0,127.0,304.0,False,INTERMEDIATE,5.0,True,McLaren,0 days 01:04:16.857000,2025-07-06 14:11:57.470,126,3.0,True,TRACK LIMITS AT TURN 6 LAP 5 ,False,False
0 days 01:08:21.123000,NOR,4,0 days 00:02:19.233000,6.0,1.0,,,0 days 00:00:46.769000,0 days 00:00:56.955000,0 days 00:00:35.509000,0 days 01:06:48.683000,0 days 01:07:45.638000,0 days 01:08:21.147000,237.0,201.0,133.0,275.0,False,INTERMEDIATE,6.0,True,McLaren,0 days 01:06:01.890000,2025-07-06 14:13:42.503,6,3.0,False,,False,False
0 days 01:10:24.347000,NOR,4,0 days 00:02:03.224000,7.0,1.0,,,0 days 00:00:44.196000,0 days 00:00:49.317000,0 days 00:00:29.711000,0 days 01:09:05.343000,0 days 01:09:54.660000,0 days 01:10:24.371000,264.0,234.0,217.0,305.0,False,INTERMEDIATE,7.0,True,McLaren,0 days 01:08:21.123000,2025-07-06 14:16:01.736,671,3.0,False,,False,False
0 days 01:12:09.216000,NOR,4,0 days 00:01:44.869000,8.0,1.0,,,0 days 00:00:32.657000,0 days 00:00:42.786000,0 days 00:00:29.426000,0 days 01:10:57.028000,0 days 01:11:39.814000,0 days 01:12:09.240000,296.0,238.0,205.0,307.0,True,INTERMEDIATE,8.0,True,McLaren,0 days 01:10:24.347000,2025-07-06 14:18:04.960,1,3.0,False,,False,True
0 days 01:13:54.811000,NOR,4,0 days 00:01:45.595000,9.0,1.0,,,0 days 00:00:32.526000,0 days 00:00:43.325000,0 days 00:00:29.744000,0 days 01:12:41.766000,0 days 01:13:25.091000,0 days 01:13:54.835000,295.0,236.0,214.0,303.0,False,INTERMEDIATE,9.0,True,McLaren,0 days 01:12:09.216000,2025-07-06 14:19:49.829,1,3.0,False,,False,True
0 days 01:15:40.668000,NOR,4,0 days 00:01:45.857000,10.0,1.0,,,0 days 00:00:32.396000,0 days 00:00:43.819000,0 days 00:00:29.642000,0 days 01:14:27.231000,0 days 01:15:11.050000,0 days 01:15:40.692000,,237.0,213.0,307.0,False,INTERMEDIATE,10.0,True,McLaren,0 days 01:13:54.811000,2025-07-06 14:21:35.424,1,3.0,False,,False,True
0 days 01:17:28.403000,NOR,4,0 days 00:01:47.735000,11.0,1.0,,0 days 01:17:22.431000,0 days 00:00:32.917000,0 days 00:00:47.442000,0 days 00:00:27.376000,0 days 01:16:13.609000,0 days 01:17:01.051000,0 days 01:17:28.427000,275.0,234.0,,311.0,False,INTERMEDIATE,11.0,True,McLaren,0 days 01:15:40.668000,2025-07-06 14:23:21.281,1,2.0,False,,False,False
0 days 01:19:38.854000,NOR,4,0 days 00:02:10.451000,12.0,2.0,0 days 01:17:53.064000,,0 days 00:00:55.268000,0 days 00:00:46.176000,0 days 00:00:29.007000,0 days 01:18:23.695000,0 days 01:19:09.871000,0 days 01:19:38.878000,278.0,241.0,210.0,301.0,False,INTERMEDIATE,1.0,True,McLaren,0 days 01:17:28.403000,2025-07-06 14:25:09.016,1,4.0,False,,False,False
0 days 01:21:28.459000,NOR,4,0 days 00:01:49.605000,13.0,2.0,,,0 days 00:00:33.267000,0 days 00:00:46.498000,0 days 00:00:29.840000,0 days 01:20:12.145000,0 days 01:20:58.643000,0 days 01:21:28.483000,282.0,242.0,203.0,309.0,False,INTERMEDIATE,2.0,True,McLaren,0 days 01:19:38.854000,2025-07-06 14:27:19.467,12,3.0,False,,False,True
0 days 01:23:47.319000,NOR,4,0 days 00:02:18.860000,14.0,2.0,,,0 days 00:00:43.187000,0 days 00:00:59.652000,0 days 00:00:36.021000,0 days 01:22:11.670000,0 days 01:23:11.322000,0 days 01:23:47.343000,219.0,179.0,153.0,263.0,False,INTERMEDIATE,3.0,True,McLaren,0 days 01:21:28.459000,2025-07-06 14:29:09.072,14,3.0,False,,False,False
0 days 01:26:25.017000,NOR,4,,15.0,2.0,,,0 days 00:00:44.707000,0 days 00:01:07.153000,0 days 00:00:45.666000,0 days 01:24:32.222000,0 days 01:25:39.392000,0 days 01:26:25.070000,262.0,109.0,93.0,217.0,False,INTERMEDIATE,4.0,True,McLaren,0 days 01:23:47.319000,2025-07-06 14:31:27.932,4,3.0,False,,False,False
0 days 01:29:09.462000,NOR,4,,16.0,2.0,,,0 days 00:00:50.792000,0 days 00:01:11.090000,0 days 00:00:42.621000,0 days 01:27:15.801000,0 days 01:28:26.865000,0 days 01:29:09.592000,228.0,125.0,91.0,240.0,False,INTERMEDIATE,5.0,True,McLaren,0 days 01:26:25.017000,2025-07-06 14:34:05.630,4,3.0,False,,False,False
0 days 01:32:04.860000,NOR,4,,17.0,2.0,,,0 days 00:00:50.478000,0 days 00:01:07.521000,0 days 00:00:57.435000,0 days 01:30:00.020000,0 days 01:31:07.655000,0 days 01:32:04.884000,267.0,145.0,190.0,75.0,False,INTERMEDIATE,6.0,True,McLaren,0 days 01:29:09.462000,2025-07-06 14:36:50.075,41,3.0,False,,False,False
0 days 01:34:04.684000,NOR,4,0 days 00:01:59.824000,18.0,2.0,,,0 days 00:00:36.625000,0 days 00:00:45.735000,0 days 00:00:37.464000,0 days 01:32:41.509000,0 days 01:33:27.244000,0 days 01:34:04.708000,284.0,237.0,112.0,299.0,False,INTERMEDIATE,7.0,True,McLaren,0 days 01:32:04.860000,2025-07-06 14:39:45.473,124,3.0,False,,False,False
0 days 01:36:44.735000,NOR,4,,19.0,2.0,,,0 days 00:00:44.318000,0 days 00:01:10.013000,0 days 00:00:45.726000,0 days 01:34:49.020000,0 days 01:35:59.095000,0 days 01:36:45.192000,252.0,129.0,120.0,266.0,False,INTERMEDIATE,8.0,True,McLaren,0 days 01:34:04.684000,2025-07-06 14:41:45.297,4,3.0,False,,False,False
0 days 01:39:27.657000,NOR,4,,20.0,2.0,,,0 days 00:00:48.136000,0 days 00:01:09.800000,0 days 00:00:44.888000,0 days 01:37:33.027000,0 days 01:38:42.793000,0 days 01:39:27.699000,256.0,99.0,79.0,242.0,False,INTERMEDIATE,9.0,True,McLaren,0 days 01:36:44.735000,2025-07-06 14:44:25.348,4,3.0,False,,False,False
0 days 01:42:07.661000,NOR,4,,21.0,2.0,,,0 days 00:00:49.517000,0 days 00:01:04.954000,0 days 00:00:45.656000,0 days 01:40:17.095000,0 days 01:41:22.198000,0 days 01:42:07.817000,,102.0,204.0,75.0,False,INTERMEDIATE,10.0,True,McLaren,0 days 01:39:27.657000,2025-07-06 14:47:08.270,41,2.0,False,,False,False
0 days 01:43:53,NOR,4,0 days 00:01:45.339000,22.0,2.0,,,0 days 00:00:33.952000,0 days 00:00:43.261000,0 days 00:00:28.126000,0 days 01:42:41.637000,0 days 01:43:24.898000,0 days 01:43:53.024000,287.0,245.0,226.0,300.0,False,INTERMEDIATE,11.0,True,McLaren,0 days 01:42:07.661000,2025-07-06 14:49:48.274,12,2.0,False,,False,True
0 days 01:45:35.383000,NOR,4,0 days 00:01:42.383000,23.0,2.0,,,0 days 00:00:32.364000,0 days 00:00:42.160000,0 days 00:00:27.859000,0 days 01:44:25.388000,0 days 01:45:07.548000,0 days 01:45:35.407000,289.0,246.0,226.0,304.0,True,INTERMEDIATE,12.0,True,McLaren,0 days 01:43:53,2025-07-06 14:51:33.613,1,2.0,False,,False,True
0 days 01:47:17.217000,NOR,4,0 days 00:01:41.834000,24.0,2.0,,,0 days 00:00:32.087000,0 days 00:00:41.871000,0 days 00:00:27.876000,0 days 01:46:07.494000,0 days 01:46:49.365000,0 days 01:47:17.241000,291.0,245.0,227.0,303.0,True,INTERMEDIATE,13.0,True,McLaren,0 days 01:45:35.383000,2025-07-06 14:53:15.996,1,2.0,False,,False,True
0 days 01:48:59.234000,NOR,4,0 days 00:01:42.017000,25.0,2.0,,,0 days 00:00:31.971000,0 days 00:00:42.110000,0 days 00:00:27.936000,0 days 01:47:49.212000,0 days 01:48:31.322000,0 days 01:48:59.258000,,246.0,230.0,304.0,False,INTERMEDIATE,14.0,True,McLaren,0 days 01:47:17.217000,2025-07-06 14:54:57.830,1,2.0,False,,False,True
0 days 01:50:41.238000,NOR,4,0 days 00:01:42.004000,26.0,2.0,,,0 days 00:00:32.026000,0 days 00:00:42.045000,0 days 00:00:27.933000,0 days 01:49:31.284000,0 days 01:50:13.329000,0 days 01:50:41.262000,292.0,245.0,230.0,302.0,False,INTERMEDIATE,15.0,True,McLaren,0 days 01:48:59.234000,2025-07-06 14:56:39.847,1,2.0,False,,False,True
0 days 01:52:23.334000,NOR,4,0 days 00:01:42.096000,27.0,2.0,,,0 days 00:00:31.862000,0 days 00:00:42.047000,0 days 00:00:28.187000,0 days 01:51:13.124000,0 days 01:51:55.171000,0 days 01:52:23.358000,,242.0,228.0,304.0,False,INTERMEDIATE,16.0,True,McLaren,0 days 01:50:41.238000,2025-07-06 14:58:21.851,1,2.0,False,,False,True
0 days 01:54:05.696000,NOR,4,0 days 00:01:42.362000,28.0,2.0,,,0 days 00:00:31.994000,0 days 00:00:42.051000,0 days 00:00:28.317000,0 days 01:52:55.352000,0 days 01:53:37.403000,0 days 01:54:05.720000,293.0,244.0,221.0,304.0,False,INTERMEDIATE,17.0,True,McLaren,0 days 01:52:23.334000,2025-07-06 15:00:03.947,1,2.0,False,,False,True
0 days 01:55:48.330000,NOR,4,0 days 00:01:42.634000,29.0,2.0,,,0 days 00:00:32.082000,0 days 00:00:42.298000,0 days 00:00:28.254000,0 days 01:54:37.802000,0 days 01:55:20.100000,0 days 01:55:48.354000,291.0,243.0,229.0,304.0,False,INTERMEDIATE,18.0,True,McLaren,0 days 01:54:05.696000,2025-07-06 15:01:46.309,1,2.0,False,,False,True
0 days 01:57:30.733000,NOR,4,0 days 00:01:42.403000,30.0,2.0,,,0 days 00:00:32.014000,0 days 00:00:42.095000,0 days 00:00:28.294000,0 days 01:56:20.368000,0 days 01:57:02.463000,0 days 01:57:30.757000,294.0,243.0,229.0,305.0,False,INTERMEDIATE,19.0,True,McLaren,0 days 01:55:48.330000,2025-07-06 15:03:28.943,1,2.0,False,,False,True
0 days 01:59:12.820000,NOR,4,0 days 00:01:42.087000,31.0,2.0,,,0 days 00:00:31.974000,0 days 00:00:42.140000,0 days 00:00:27.973000,0 days 01:58:02.731000,0 days 01:58:44.871000,0 days 01:59:12.844000,291.0,245.0,231.0,303.0,False,INTERMEDIATE,20.0,True,McLaren,0 days 01:57:30.733000,2025-07-06 15:05:11.346,1,2.0,False,,False,True
0 days 02:00:54.745000,NOR,4,0 days 00:01:41.925000,32.0,2.0,,,0 days 00:00:31.920000,0 days 00:00:41.948000,0 days 00:00:28.057000,0 days 01:59:44.764000,0 days 02:00:26.712000,0 days 02:00:54.769000,295.0,245.0,229.0,306.0,False,INTERMEDIATE,21.0,True,McLaren,0 days 01:59:12.820000,2025-07-06 15:06:53.433,1,2.0,False,,False,True
0 days 02:02:36.156000,NOR,4,0 days 00:01:41.411000,33.0,2.0,,,0 days 00:00:31.961000,0 days 00:00:41.733000,0 days 00:00:27.717000,0 days 02:01:26.730000,0 days 02:02:08.463000,0 days 02:02:36.180000,292.0,246.0,233.0,303.0,True,INTERMEDIATE,22.0,True,McLaren,0 days 02:00:54.745000,2025-07-06 15:08:35.358,1,2.0,False,,False,True
0 days 02:04:17.292000,NOR,4,0 days 00:01:41.136000,34.0,2.0,,,0 days 00:00:31.952000,0 days 00:00:41.696000,0 days 00:00:27.488000,0 days 02:03:08.132000,0 days 02:03:49.828000,0 days 02:04:17.316000,294.0,244.0,233.0,306.0,True,INTERMEDIATE,23.0,True,McLaren,0 days 02:02:36.156000,2025-07-06 15:10:16.769,1,2.0,False,,False,True
0 days 02:05:58.395000,NOR,4,0 days 00:01:41.103000,35.0,2.0,,,0 days 00:00:31.757000,0 days 00:00:41.819000,0 days 00:00:27.527000,0 days 02:04:49.073000,0 days 02:05:30.892000,0 days 02:05:58.419000,292.0,245.0,232.0,303.0,True,INTERMEDIATE,24.0,True,McLaren,0 days 02:04:17.292000,2025-07-06 15:11:57.905,1,2.0,False,,False,True
0 days 02:07:39.105000,NOR,4,0 days 00:01:40.710000,36.0,2.0,,,0 days 00:00:31.889000,0 days 00:00:41.323000,0 days 00:00:27.498000,0 days 02:06:30.308000,0 days 02:07:11.631000,0 days 02:07:39.129000,294.0,245.0,235.0,304.0,True,INTERMEDIATE,25.0,True,McLaren,0 days 02:05:58.395000,2025-07-06 15:13:39.008,1,2.0,False,,False,True
0 days 02:09:19.908000,NOR,4,0 days 00:01:40.803000,37.0,2.0,,,0 days 00:00:31.943000,0 days 00:00:41.518000,0 days 00:00:27.342000,0 days 02:08:11.072000,0 days 02:08:52.590000,0 days 02:09:19.932000,293.0,245.0,237.0,305.0,False,INTERMEDIATE,26.0,True,McLaren,0 days 02:07:39.105000,2025-07-06 15:15:19.718,1,2.0,False,,False,True
0 days 02:10:59.576000,NOR,4,0 days 00:01:39.668000,38.0,2.0,,,0 days 00:00:31.754000,0 days 00:00:41.103000,0 days 00:00:26.811000,0 days 02:09:51.686000,0 days 02:10:32.789000,0 days 02:10:59.600000,291.0,247.0,240.0,304.0,True,INTERMEDIATE,27.0,True,McLaren,0 days 02:09:19.908000,2025-07-06 15:17:00.521,1,2.0,False,,False,True
0 days 02:12:39.126000,NOR,4,0 days 00:01:39.550000,39.0,2.0,,,0 days 00:00:31.646000,0 days 00:00:41.063000,0 days 00:00:26.841000,0 days 02:11:31.246000,0 days 02:12:12.309000,0 days 02:12:39.150000,293.0,245.0,242.0,306.0,True,INTERMEDIATE,28.0,True,McLaren,0 days 02:10:59.576000,2025-07-06 15:18:40.189,1,2.0,False,,False,True
0 days 02:14:18.412000,NOR,4,0 days 00:01:39.286000,40.0,2.0,,,0 days 00:00:31.664000,0 days 00:00:40.844000,0 days 00:00:26.778000,0 days 02:13:10.814000,0 days 02:13:51.658000,0 days 02:14:18.436000,292.0,246.0,246.0,305.0,True,INTERMEDIATE,29.0,True,McLaren,0 days 02:12:39.126000,2025-07-06 15:20:19.739,12,2.0,False,,False,True
0 days 02:15:57.709000,NOR,4,0 days 00:01:39.297000,41.0,2.0,,,0 days 00:00:31.556000,0 days 00:00:41.023000,0 days 00:00:26.718000,0 days 02:14:49.992000,0 days 02:15:31.015000,0 days 02:15:57.733000,295.0,242.0,247.0,306.0,False,INTERMEDIATE,30.0,True,McLaren,0 days 02:14:18.412000,2025-07-06 15:21:59.025,1,2.0,False,,False,True
0 days 02:17:36.487000,NOR,4,0 days 00:01:38.778000,42.0,2.0,,,0 days 00:00:31.697000,0 days 00:00:40.554000,0 days 00:00:26.527000,0 days 02:16:29.430000,0 days 02:17:09.984000,0 days 02:17:36.511000,,247.0,246.0,306.0,True,INTERMEDIATE,31.0,True,McLaren,0 days 02:15:57.709000,2025-07-06 15:23:38.322,1,2.0,False,,False,True
0 days 02:19:15.492000,NOR,4,0 days 00:01:39.005000,43.0,2.0,,,0 days 00:00:31.622000,0 days 00:00:40.853000,0 days 00:00:26.530000,0 days 02:18:08.133000,0 days 02:18:48.986000,0 days 02:19:15.516000,,244.0,245.0,308.0,False,INTERMEDIATE,32.0,True,McLaren,0 days 02:17:36.487000,2025-07-06 15:25:17.100,12,2.0,False,,False,True
0 days 02:20:54.395000,NOR,4,0 days 00:01:38.903000,44.0,2.0,,0 days 02:20:48.417000,0 days 00:00:31.454000,0 days 00:00:41.257000,0 days 00:00:26.192000,0 days 02:19:46.970000,0 days 02:20:28.227000,0 days 02:20:54.419000,276.0,245.0,,244.0,False,INTERMEDIATE,33.0,True,McLaren,0 days 02:19:15.492000,2025-07-06 15:26:56.105,12,1.0,False,,False,False
0 days 02:22:52.343000,NOR,4,0 days 00:01:57.948000,45.0,3.0,0 days 02:21:16.628000,,0 days 00:00:52.626000,0 days 00:00:39.764000,0 days 00:00:25.558000,0 days 02:21:47.045000,0 days 02:22:26.809000,0 days 02:22:52.367000,295.0,256.0,251.0,306.0,False,MEDIUM,1.0,True,McLaren,0 days 02:20:54.395000,2025-07-06 15:28:35.008,1,1.0,False,,False,False
0 days 02:24:24.120000,NOR,4,0 days 00:01:31.777000,46.0,3.0,,,0 days 00:00:29.904000,0 days 00:00:37.422000,0 days 00:00:24.451000,0 days 02:23:22.271000,0 days 02:23:59.693000,0 days 02:24:24.144000,296.0,263.0,255.0,310.0,True,MEDIUM,2.0,True,McLaren,0 days 02:22:52.343000,2025-07-06 15:30:32.956,1,1.0,False,,False,True
0 days 02:25:54.155000,NOR,4,0 days 00:01:30.035000,47.0,3.0,,,0 days 00:00:28.822000,0 days 00:00:36.828000,0 days 00:00:24.385000,0 days 02:24:52.966000,0 days 02:25:29.794000,0 days 02:25:54.179000,291.0,263.0,255.0,308.0,True,MEDIUM,3.0,True,McLaren,0 days 02:24:24.120000,2025-07-06 15:32:04.733,1,1.0,False,,False,True
0 days 02:27:23.889000,NOR,4,0 days 00:01:29.734000,48.0,3.0,,,0 days 00:00:28.748000,0 days 00:00:36.674000,0 days 00:00:24.312000,0 days 02:26:22.927000,0 days 02:26:59.601000,0 days 02:27:23.913000,297.0,264.0,254.0,311.0,True,MEDIUM,4.0,True,McLaren,0 days 02:25:54.155000,2025-07-06 15:33:34.768,1,1.0,False,,False,True
0 days 02:28:54.124000,NOR,4,0 days 00:01:30.235000,49.0,3.0,,,0 days 00:00:28.701000,0 days 00:00:37.042000,0 days 00:00:24.492000,0 days 02:27:52.614000,0 days 02:28:29.656000,0 days 02:28:54.148000,299.0,260.0,254.0,313.0,False,MEDIUM,5.0,True,McLaren,0 days 02:27:23.889000,2025-07-06 15:35:04.502,1,1.0,False,,False,True
0 days 02:30:24.045000,NOR,4,0 days 00:01:29.921000,50.0,3.0,,,0 days 00:00:28.791000,0 days 00:00:36.732000,0 days 00:00:24.398000,0 days 02:29:22.939000,0 days 02:29:59.671000,0 days 02:30:24.069000,297.0,264.0,254.0,310.0,False,MEDIUM,6.0,True,McLaren,0 days 02:28:54.124000,2025-07-06 15:36:34.737,1,1.0,False,,False,True
0 days 02:31:54.314000,NOR,4,0 days 00:01:30.269000,51.0,3.0,,,0 days 00:00:28.710000,0 days 00:00:37.048000,0 days 00:00:24.511000,0 days 02:30:52.779000,0 days 02:31:29.827000,0 days 02:31:54.338000,298.0,263.0,253.0,312.0,False,MEDIUM,7.0,True,McLaren,0 days 02:30:24.045000,2025-07-06 15:38:04.658,1,1.0,False,,False,True
0 days 02:33:25.004000,NOR,4,0 days 00:01:30.690000,52.0,3.0,,,0 days 00:00:28.812000,0 days 00:00:36.855000,0 days 00:00:25.023000,0 days 02:32:23.150000,0 days 02:33:00.005000,0 days 02:33:25.028000,299.0,263.0,206.0,312.0,False,MEDIUM,8.0,True,McLaren,0 days 02:31:54.314000,2025-07-06 15:39:34.927,1,1.0,False,,False,True
0 days 00:57:55.776000,PIA,81,0 days 00:01:46.554000,1.0,1.0,,,,0 days 00:00:41.490000,0 days 00:00:28.951000,,0 days 00:57:26.951000,0 days 00:57:55.956000,298.0,243.0,210.0,298.0,False,INTERMEDIATE,1.0,True,McLaren,0 days 00:56:09.003000,2025-07-06 14:03:49.616,12,2.0,False,,False,False
0 days 01:00:10.907000,PIA,81,0 days 00:02:15.131000,2.0,1.0,,,0 days 00:00:48.156000,0 days 00:00:51.266000,0 days 00:00:35.709000,0 days 00:58:44.012000,0 days 00:59:35.278000,0 days 01:00:10.987000,120.0,226.0,166.0,266.0,True,INTERMEDIATE,2.0,True,McLaren,0 days 00:57:55.776000,2025-07-06 14:05:36.389,26,2.0,False,,False,False
0 days 01:02:28.702000,PIA,81,0 days 00:02:17.795000,3.0,1.0,,,0 days 00:00:50.555000,0 days 00:00:49.592000,0 days 00:00:37.648000,0 days 01:01:01.542000,0 days 01:01:51.134000,0 days 01:02:28.782000,135.0,208.0,128.0,138.0,False,INTERMEDIATE,3.0,True,McLaren,0 days 01:00:10.907000,2025-07-06 14:07:51.520,6,2.0,False,,False,False
0 days 01:04:14.530000,PIA,81,0 days 00:01:45.828000,4.0,1.0,,,0 days 00:00:36.081000,0 days 00:00:40.950000,0 days 00:00:28.797000,0 days 01:03:04.863000,0 days 01:03:45.813000,0 days 01:04:14.610000,297.0,234.0,217.0,307.0,True,INTERMEDIATE,4.0,True,McLaren,0 days 01:02:28.702000,2025-07-06 14:10:09.315,6712,2.0,False,,False,False
0 days 01:05:58.985000,PIA,81,0 days 00:01:44.455000,5.0,1.0,,,0 days 00:00:31.795000,0 days 00:00:42.952000,0 days 00:00:29.708000,0 days 01:04:46.405000,0 days 01:05:29.357000,0 days 01:05:59.065000,,238.0,213.0,307.0,True,INTERMEDIATE,5.0,True,McLaren,0 days 01:04:14.530000,2025-07-06 14:11:55.143,126,2.0,False,,False,False
0 days 01:08:18.611000,PIA,81,0 days 00:02:19.626000,6.0,1.0,,,0 days 00:00:48.201000,0 days 00:00:55.968000,0 days 00:00:35.457000,0 days 01:06:47.266000,0 days 01:07:43.234000,0 days 01:08:18.691000,213.0,187.0,129.0,282.0,False,INTERMEDIATE,6.0,True,McLaren,0 days 01:05:58.985000,2025-07-06 14:13:39.598,6,2.0,False,,False,False
0 days 01:10:21.381000,PIA,81,0 days 00:02:02.770000,7.0,1.0,,,0 days 00:00:43.218000,0 days 00:00:50.249000,0 days 00:00:29.303000,0 days 01:09:01.909000,0 days 01:09:52.158000,0 days 01:10:21.461000,258.0,247.0,222.0,315.0,False,INTERMEDIATE,7.0,True,McLaren,0 days 01:08:18.611000,2025-07-06 14:15:59.224,671,2.0,False,,False,False
0 days 01:12:05.552000,PIA,81,0 days 00:01:44.171000,8.0,1.0,,,0 days 00:00:31.681000,0 days 00:00:43.106000,0 days 00:00:29.384000,0 days 01:10:53.142000,0 days 01:11:36.248000,0 days 01:12:05.632000,308.0,242.0,216.0,318.0,True,INTERMEDIATE,8.0,True,McLaren,0 days 01:10:21.381000,2025-07-06 14:18:01.994,1,1.0,False,,False,True
0 days 01:13:49.945000,PIA,81,0 days 00:01:44.393000,9.0,1.0,,,0 days 00:00:32.311000,0 days 00:00:42.336000,0 days 00:00:29.746000,0 days 01:12:37.943000,0 days 01:13:20.279000,0 days 01:13:50.025000,289.0,237.0,214.0,299.0,False,INTERMEDIATE,9.0,True,McLaren,0 days 01:12:05.552000,2025-07-06 14:19:46.165,1,1.0,False,,False,True
0 days 01:15:34.835000,PIA,81,0 days 00:01:44.890000,10.0,1.0,,,0 days 00:00:32.185000,0 days 00:00:43.284000,0 days 00:00:29.421000,0 days 01:14:22.210000,0 days 01:15:05.494000,0 days 01:15:34.915000,294.0,238.0,218.0,306.0,False,INTERMEDIATE,10.0,True,McLaren,0 days 01:13:49.945000,2025-07-06 14:21:30.558,1,1.0,False,,False,True
0 days 01:17:20.772000,PIA,81,0 days 00:01:45.937000,11.0,1.0,,0 days 01:17:14.916000,0 days 00:00:32.236000,0 days 00:00:46.880000,0 days 00:00:26.821000,0 days 01:16:07.151000,0 days 01:16:54.031000,0 days 01:17:20.852000,259.0,235.0,,311.0,False,INTERMEDIATE,11.0,True,McLaren,0 days 01:15:34.835000,2025-07-06 14:23:15.448,1,1.0,False,,False,False
0 days 01:19:26.922000,PIA,81,0 days 00:02:06.150000,12.0,2.0,0 days 01:17:44.304000,,0 days 00:00:53.419000,0 days 00:00:43.664000,0 days 00:00:29.067000,0 days 01:18:14.271000,0 days 01:18:57.935000,0 days 01:19:27.002000,284.0,243.0,217.0,302.0,False,INTERMEDIATE,1.0,True,McLaren,0 days 01:17:20.772000,2025-07-06 14:25:01.385,1,1.0,False,,False,False
0 days 01:21:14.507000,PIA,81,0 days 00:01:47.585000,13.0,2.0,,,0 days 00:00:32.915000,0 days 00:00:45.072000,0 days 00:00:29.598000,0 days 01:19:59.917000,0 days 01:20:44.989000,0 days 01:21:14.587000,285.0,239.0,208.0,307.0,False,INTERMEDIATE,2.0,True,McLaren,0 days 01:19:26.922000,2025-07-06 14:27:07.535,1,1.0,False,,False,True
0 days 01:23:30.317000,PIA,81,0 days 00:02:15.810000,14.0,2.0,,,0 days 00:00:43.228000,0 days 00:00:55.213000,0 days 00:00:37.369000,0 days 01:21:57.815000,0 days 01:22:53.028000,0 days 01:23:30.397000,185.0,227.0,172.0,155.0,False,INTERMEDIATE,3.0,True,McLaren,0 days 01:21:14.507000,2025-07-06 14:28:55.120,124,1.0,False,,False,False
0 days 01:26:20.589000,PIA,81,,15.0,2.0,,,0 days 00:00:49.672000,0 days 00:01:14.810000,0 days 00:00:45.830000,0 days 01:24:20.128000,0 days 01:25:34.986000,0 days 01:26:20.669000,89.0,162.0,152.0,220.0,False,INTERMEDIATE,4.0,True,McLaren,0 days 01:23:30.317000,2025-07-06 14:31:10.930,4,1.0,False,,False,False
0 days 01:29:05.931000,PIA,81,,16.0,2.0,,,0 days 00:00:52.455000,0 days 00:01:09.970000,0 days 00:00:42.806000,0 days 01:27:13.238000,0 days 01:28:23.205000,0 days 01:29:06.149000,124.0,179.0,94.0,245.0,False,INTERMEDIATE,5.0,True,McLaren,0 days 01:26:20.589000,2025-07-06 14:34:01.202,4,1.0,False,,False,False
0 days 01:32:02.927000,PIA,81,,17.0,2.0,,,0 days 00:00:50.811000,0 days 00:01:07.890000,0 days 00:00:58.350000,0 days 01:29:56.968000,0 days 01:31:04.680000,0 days 01:32:03.040000,170.0,175.0,209.0,74.0,False,INTERMEDIATE,6.0,True,McLaren,0 days 01:29:05.931000,2025-07-06 14:36:46.544,41,1.0,False,,False,False
0 days 01:34:00.970000,PIA,81,0 days 00:01:58.043000,18.0,2.0,,,0 days 00:00:34.982000,0 days 00:00:44.769000,0 days 00:00:38.292000,0 days 01:32:37.989000,0 days 01:33:22.758000,0 days 01:34:01.050000,286.0,243.0,149.0,301.0,False,INTERMEDIATE,7.0,True,McLaren,0 days 01:32:02.927000,2025-07-06 14:39:43.540,124,1.0,False,,False,False
0 days 01:36:40.500000,PIA,81,,19.0,2.0,,,0 days 00:00:41.087000,0 days 00:01:14.034000,0 days 00:00:44.426000,0 days 01:34:42.120000,0 days 01:35:56.267000,0 days 01:36:40.661000,210.0,172.0,167.0,163.0,False,INTERMEDIATE,8.0,True,McLaren,0 days 01:34:00.970000,2025-07-06 14:41:41.583,4,1.0,False,,False,False
0 days 01:39:23.604000,PIA,81,,20.0,2.0,,,0 days 00:00:49.649000,0 days 00:01:09.098000,0 days 00:00:44.340000,0 days 01:37:30.292000,0 days 01:38:39.444000,0 days 01:39:23.684000,240.0,178.0,81.0,136.0,False,INTERMEDIATE,9.0,True,McLaren,0 days 01:36:40.500000,2025-07-06 14:44:21.113,4,1.0,False,,False,False
0 days 01:42:05.214000,PIA,81,,21.0,2.0,,,0 days 00:00:48.245000,0 days 00:01:07.958000,0 days 00:00:45.417000,0 days 01:40:12.001000,0 days 01:41:19.933000,0 days 01:42:05.332000,205.0,85.0,219.0,80.0,False,INTERMEDIATE,10.0,True,McLaren,0 days 01:39:23.604000,2025-07-06 14:47:04.217,41,1.0,False,,False,False
0 days 01:43:49.708000,PIA,81,0 days 00:01:44.494000,22.0,2.0,,,0 days 00:00:33.313000,0 days 00:00:42.772000,0 days 00:00:28.409000,0 days 01:42:38.607000,0 days 01:43:21.379000,0 days 01:43:49.788000,289.0,246.0,225.0,304.0,False,INTERMEDIATE,11.0,True,McLaren,0 days 01:42:05.214000,2025-07-06 14:49:45.827,12,1.0,False,,False,True
0 days 01:45:32.008000,PIA,81,0 days 00:01:42.300000,23.0,2.0,,,0 days 00:00:32.244000,0 days 00:00:41.849000,0 days 00:00:28.207000,0 days 01:44:22.032000,0 days 01:45:03.881000,0 days 01:45:32.088000,291.0,248.0,226.0,302.0,True,INTERMEDIATE,12.0,True,McLaren,0 days 01:43:49.708000,2025-07-06 14:51:30.321,1,1.0,False,,False,True
0 days 01:47:13.986000,PIA,81,0 days 00:01:41.978000,24.0,2.0,,,0 days 00:00:32.135000,0 days 00:00:41.590000,0 days 00:00:28.253000,0 days 01:46:04.223000,0 days 01:46:45.813000,0 days 01:47:14.066000,293.0,246.0,228.0,305.0,True,INTERMEDIATE,13.0,True,McLaren,0 days 01:45:32.008000,2025-07-06 14:53:12.621,1,1.0,False,,False,True
0 days 01:48:55.567000,PIA,81,0 days 00:01:41.581000,25.0,2.0,,,0 days 00:00:31.977000,0 days 00:00:41.713000,0 days 00:00:27.891000,0 days 01:47:46.043000,0 days 01:48:27.756000,0 days 01:48:55.647000,,246.0,229.0,306.0,True,INTERMEDIATE,14.0,True,McLaren,0 days 01:47:13.986000,2025-07-06 14:54:54.599,1,1.0,False,,False,True
0 days 01:50:37.213000,PIA,81,0 days 00:01:41.646000,26.0,2.0,,,0 days 00:00:31.823000,0 days 00:00:41.962000,0 days 00:00:27.861000,0 days 01:49:27.470000,0 days 01:50:09.432000,0 days 01:50:37.293000,,244.0,231.0,304.0,False,INTERMEDIATE,15.0,True,McLaren,0 days 01:48:55.567000,2025-07-06 14:56:36.180,1,1.0,False,,False,True
0 days 01:52:19.346000,PIA,81,0 days 00:01:42.133000,27.0,2.0,,,0 days 00:00:31.792000,0 days 00:00:42.311000,0 days 00:00:28.030000,0 days 01:51:09.085000,0 days 01:51:51.396000,0 days 01:52:19.426000,,241.0,232.0,306.0,False,INTERMEDIATE,16.0,True,McLaren,0 days 01:50:37.213000,2025-07-06 14:58:17.826,1,1.0,False,,False,True
0 days 01:54:01.774000,PIA,81,0 days 00:01:42.428000,28.0,2.0,,,0 days 00:00:32.004000,0 days 00:00:42.272000,0 days 00:00:28.152000,0 days 01:52:51.430000,0 days 01:53:33.702000,0 days 01:54:01.854000,,241.0,231.0,306.0,False,INTERMEDIATE,17.0,True,McLaren,0 days 01:52:19.346000,2025-07-06 14:59:59.959,1,1.0,False,,False,True
0 days 01:55:44.589000,PIA,81,0 days 00:01:42.815000,29.0,2.0,,,0 days 00:00:32.093000,0 days 00:00:42.455000,0 days 00:00:28.267000,0 days 01:54:33.947000,0 days 01:55:16.402000,0 days 01:55:44.669000,292.0,243.0,229.0,306.0,False,INTERMEDIATE,18.0,True,McLaren,0 days 01:54:01.774000,2025-07-06 15:01:42.387,1,1.0,False,,False,True
0 days 01:57:27.476000,PIA,81,0 days 00:01:42.887000,30.0,2.0,,,0 days 00:00:32.008000,0 days 00:00:42.543000,0 days 00:00:28.336000,0 days 01:56:16.677000,0 days 01:56:59.220000,0 days 01:57:27.556000,294.0,243.0,232.0,306.0,False,INTERMEDIATE,19.0,True,McLaren,0 days 01:55:44.589000,2025-07-06 15:03:25.202,1,1.0,False,,False,True
0 days 01:59:10.118000,PIA,81,0 days 00:01:42.642000,31.0,2.0,,,0 days 00:00:32.061000,0 days 00:00:42.638000,0 days 00:00:27.943000,0 days 01:57:59.617000,0 days 01:58:42.255000,0 days 01:59:10.198000,290.0,243.0,233.0,306.0,False,INTERMEDIATE,20.0,True,McLaren,0 days 01:57:27.476000,2025-07-06 15:05:08.089,1,1.0,False,,False,True
0 days 02:00:52.128000,PIA,81,0 days 00:01:42.010000,32.0,2.0,,,0 days 00:00:31.913000,0 days 00:00:42.163000,0 days 00:00:27.934000,0 days 01:59:42.111000,0 days 02:00:24.274000,0 days 02:00:52.208000,291.0,243.0,233.0,306.0,False,INTERMEDIATE,21.0,True,McLaren,0 days 01:59:10.118000,2025-07-06 15:06:50.731,1,1.0,False,,False,True
0 days 02:02:33.791000,PIA,81,0 days 00:01:41.663000,33.0,2.0,,,0 days 00:00:31.885000,0 days 00:00:41.893000,0 days 00:00:27.885000,0 days 02:01:24.093000,0 days 02:02:05.986000,0 days 02:02:33.871000,292.0,244.0,226.0,306.0,False,INTERMEDIATE,22.0,True,McLaren,0 days 02:00:52.128000,2025-07-06 15:08:32.741,1,1.0,False,,False,True
0 days 02:04:15.177000,PIA,81,0 days 00:01:41.386000,34.0,2.0,,,0 days 00:00:31.863000,0 days 00:00:41.864000,0 days 00:00:27.659000,0 days 02:03:05.734000,0 days 02:03:47.598000,0 days 02:04:15.257000,293.0,243.0,236.0,305.0,True,INTERMEDIATE,23.0,True,McLaren,0 days 02:02:33.791000,2025-07-06 15:10:14.404,1,1.0,False,,False,True
0 days 02:05:56.268000,PIA,81,0 days 00:01:41.091000,35.0,2.0,,,0 days 00:00:31.824000,0 days 00:00:41.694000,0 days 00:00:27.573000,0 days 02:04:47.081000,0 days 02:05:28.775000,0 days 02:05:56.348000,292.0,247.0,235.0,306.0,True,INTERMEDIATE,24.0,True,McLaren,0 days 02:04:15.177000,2025-07-06 15:11:55.790,1,1.0,False,,False,True
0 days 02:07:37.238000,PIA,81,0 days 00:01:40.970000,36.0,2.0,,,0 days 00:00:31.707000,0 days 00:00:41.630000,0 days 00:00:27.633000,0 days 02:06:28.055000,0 days 02:07:09.685000,0 days 02:07:37.318000,293.0,245.0,237.0,306.0,True,INTERMEDIATE,25.0,True,McLaren,0 days 02:05:56.268000,2025-07-06 15:13:36.881,1,1.0,False,,False,True
0 days 02:09:17.589000,PIA,81,0 days 00:01:40.351000,37.0,2.0,,,0 days 00:00:31.790000,0 days 00:00:41.242000,0 days 00:00:27.319000,0 days 02:08:09.108000,0 days 02:08:50.350000,0 days 02:09:17.669000,291.0,246.0,239.0,307.0,True,INTERMEDIATE,26.0,True,McLaren,0 days 02:07:37.238000,2025-07-06 15:15:17.851,1,1.0,False,,False,True
0 days 02:10:57.716000,PIA,81,0 days 00:01:40.127000,38.0,2.0,,,0 days 00:00:31.558000,0 days 00:00:41.292000,0 days 00:00:27.277000,0 days 02:09:49.227000,0 days 02:10:30.519000,0 days 02:10:57.796000,,246.0,243.0,307.0,True,INTERMEDIATE,27.0,True,McLaren,0 days 02:09:17.589000,2025-07-06 15:16:58.202,1,1.0,False,,False,True
0 days 02:12:37.516000,PIA,81,0 days 00:01:39.800000,39.0,2.0,,,0 days 00:00:31.658000,0 days 00:00:41.125000,0 days 00:00:27.017000,0 days 02:11:29.454000,0 days 02:12:10.579000,0 days 02:12:37.596000,,246.0,246.0,306.0,True,INTERMEDIATE,28.0,True,McLaren,0 days 02:10:57.716000,2025-07-06 15:18:38.329,1,1.0,False,,False,True
0 days 02:14:16.977000,PIA,81,0 days 00:01:39.461000,40.0,2.0,,,0 days 00:00:31.504000,0 days 00:00:40.917000,0 days 00:00:27.040000,0 days 02:13:09.100000,0 days 02:13:50.017000,0 days 02:14:17.057000,290.0,243.0,247.0,310.0,True,INTERMEDIATE,29.0,True,McLaren,0 days 02:12:37.516000,2025-07-06 15:20:18.129,12,1.0,False,,False,True
0 days 02:15:56.250000,PIA,81,0 days 00:01:39.273000,41.0,2.0,,,0 days 00:00:31.453000,0 days 00:00:40.804000,0 days 00:00:27.016000,0 days 02:14:48.510000,0 days 02:15:29.314000,0 days 02:15:56.330000,292.0,244.0,247.0,307.0,True,INTERMEDIATE,30.0,True,McLaren,0 days 02:14:16.977000,2025-07-06 15:21:57.590,1,1.0,False,,False,True
0 days 02:17:35.120000,PIA,81,0 days 00:01:38.870000,42.0,2.0,,,0 days 00:00:31.535000,0 days 00:00:40.363000,0 days 00:00:26.972000,0 days 02:16:27.865000,0 days 02:17:08.228000,0 days 02:17:35.200000,293.0,243.0,247.0,307.0,True,INTERMEDIATE,31.0,True,McLaren,0 days 02:15:56.250000,2025-07-06 15:23:36.863,1,1.0,False,,False,True
0 days 02:19:12.598000,PIA,81,0 days 00:01:37.478000,43.0,2.0,,0 days 02:19:06.693000,0 days 00:00:31.369000,0 days 00:00:40.528000,0 days 00:00:25.581000,0 days 02:18:06.569000,0 days 02:18:47.097000,0 days 02:19:12.678000,,243.0,,310.0,False,INTERMEDIATE,32.0,True,McLaren,0 days 02:17:35.120000,2025-07-06 15:25:15.733,12,1.0,False,,False,False
0 days 02:21:22.234000,PIA,81,0 days 00:02:09.636000,44.0,3.0,0 days 02:19:47.025000,,0 days 00:01:04.552000,0 days 00:00:39.650000,0 days 00:00:25.434000,0 days 02:20:17.230000,0 days 02:20:56.880000,0 days 02:21:22.314000,298.0,256.0,252.0,309.0,False,MEDIUM,1.0,True,McLaren,0 days 02:19:12.598000,2025-07-06 15:26:53.211,12,2.0,False,,False,False
0 days 02:22:57.104000,PIA,81,0 days 00:01:34.870000,45.0,3.0,,,0 days 00:00:29.980000,0 days 00:00:39.219000,0 days 00:00:25.671000,0 days 02:21:52.294000,0 days 02:22:31.513000,0 days 02:22:57.184000,302.0,241.0,252.0,299.0,False,MEDIUM,2.0,True,McLaren,0 days 02:21:22.234000,2025-07-06 15:29:02.847,1,2.0,True,TRACK LIMITS AT TURN 11 LAP 45 ,False,True
0 days 02:24:28.777000,PIA,81,0 days 00:01:31.673000,46.0,3.0,,,0 days 00:00:29.556000,0 days 00:00:37.438000,0 days 00:00:24.679000,0 days 02:23:26.740000,0 days 02:24:04.178000,0 days 02:24:28.857000,300.0,261.0,253.0,310.0,True,MEDIUM,3.0,True,McLaren,0 days 02:22:57.104000,2025-07-06 15:30:37.717,1,2.0,False,,False,True
0 days 02:25:59.386000,PIA,81,0 days 00:01:30.609000,47.0,3.0,,,0 days 00:00:29.190000,0 days 00:00:36.888000,0 days 00:00:24.531000,0 days 02:24:58.047000,0 days 02:25:34.935000,0 days 02:25:59.466000,298.0,257.0,253.0,314.0,True,MEDIUM,4.0,True,McLaren,0 days 02:24:28.777000,2025-07-06 15:32:09.390,1,2.0,False,,False,True
0 days 02:27:30.203000,PIA,81,0 days 00:01:30.817000,48.0,3.0,,,0 days 00:00:29.194000,0 days 00:00:37.126000,0 days 00:00:24.497000,0 days 02:26:28.660000,0 days 02:27:05.786000,0 days 02:27:30.283000,299.0,262.0,253.0,316.0,False,MEDIUM,5.0,True,McLaren,0 days 02:25:59.386000,2025-07-06 15:33:39.999,1,2.0,False,,False,True
0 days 02:29:00.412000,PIA,81,0 days 00:01:30.209000,49.0,3.0,,,0 days 00:00:28.878000,0 days 00:00:36.828000,0 days 00:00:24.503000,0 days 02:27:59.161000,0 days 02:28:35.989000,0 days 02:29:00.492000,,263.0,254.0,311.0,True,MEDIUM,6.0,True,McLaren,0 days 02:27:30.203000,2025-07-06 15:35:10.816,1,2.0,False,,False,True
0 days 02:30:30.098000,PIA,81,0 days 00:01:29.686000,50.0,3.0,,,0 days 00:00:28.864000,0 days 00:00:36.518000,0 days 00:00:24.304000,0 days 02:29:29.356000,0 days 02:30:05.874000,0 days 02:30:30.178000,298.0,263.0,253.0,310.0,True,MEDIUM,7.0,True,McLaren,0 days 02:29:00.412000,2025-07-06 15:36:41.025,1,2.0,False,,False,True
0 days 02:31:59.435000,PIA,81,0 days 00:01:29.337000,51.0,3.0,,,0 days 00:00:28.705000,0 days 00:00:36.333000,0 days 00:00:24.299000,0 days 02:30:58.883000,0 days 02:31:35.216000,0 days 02:31:59.515000,,262.0,253.0,317.0,True,MEDIUM,8.0,True,McLaren,0 days 02:30:30.098000,2025-07-06 15:38:10.711,1,2.0,False,,False,True
0 days 02:33:31.775000,PIA,81,0 days 00:01:32.340000,52.0,3.0,,,0 days 00:00:28.768000,0 days 00:00:38.663000,0 days 00:00:24.909000,0 days 02:32:28.283000,0 days 02:33:06.946000,0 days 02:33:31.855000,299.0,260.0,251.0,315.0,False,MEDIUM,9.0,True,McLaren,0 days 02:31:59.435000,2025-07-06 15:39:40.048,1,2.0,True,TRACK LIMITS AT TURN 6 LAP 52 ,False,True
